y,u,mut,k,eps,v2,nuSA,T,alphat,epst,kt,om,fv2
0.0000000000,0.0000000000,0.0000000000,0.0000000000,9.7999140399,0.0000000000,0.0000000000,1.0000000000,0.0000000000,0.0010000000,0.1000000000,1.0000000000,0.0000000000
0.0006942759,0.1110846740,0.0000000035,0.0005101644,9.9770222580,0.0666666667,0.0092579736,0.9976688825,0.0000000039,0.0010000000,0.1000000000,1.0000000000,0.0000000000
0.0014238152,0.2277190404,0.0000000227,0.0016062789,10.1673026562,0.0666666667,0.0092566226,0.9952193436,0.0000000252,0.0010000000,0.1000000000,1.0000000000,0.0000000000
0.0021903814,0.3501703445,0.0000000730,0.0033887253,10.3733607273,0.0666666667,0.0092552030,0.9926454726,0.0000000811,0.0010000000,0.1000000000,1.0000000000,0.0000000000
0.0029958230,0.4787172600,0.0000001747,0.0059725599,10.5973972075,0.0666666667,0.0092537114,0.9899410840,0.0000001941,0.0010000000,0.1000000000,1.0000000000,0.0000000000
0.0038420777,0.6136501011,0.0000003534,0.0094896783,10.8415433130,0.0666666667,0.0092521443,0.9870997093,0.0000003927,0.0010000000,0.1000000000,1.0000000000,0.0000000000
0.0047311763,0.7552709667,0.0000006417,0.0140912845,11.1079791636,0.0666666667,0.0092504978,0.9841145909,0.0000007130,0.0010000000,0.1000000000,1.0000000000,0.0000000000
0.0056652468,0.9038937951,0.0000010805,0.0199507047,11.3989891697,0.0666666667,0.0092487681,0.9809786767,0.0000012005,0.0010000000,0.1000000000,1.0000000000,0.0000000000
0.0066465183,1.0598442978,0.0000017212,0.0272665846,11.7169927373,0.0666666667,0.0092469509,0.9776846180,0.0000019124,0.0010000000,0.1000000000,1.0000000000,0.0000000000
0.0076773260,1.2234597357,0.0000026281,0.0362665079,12.0645624322,0.0666666667,0.0092450420,0.9742247698,0.0000029202,0.0010000000,0.1000000000,1.0000000000,0.0000000000
0.0087601150,1.3950884863,0.0000038818,0.0472110659,12.4444335710,0.0666666667,0.0092430368,0.9705911966,0.0000043132,0.0010000000,0.1000000000,1.0000000000,0.0000000000
0.0098974457,1.5750893409,0.0000055827,0.0603983983,12.8595058931,0.0666666667,0.0092409307,0.9667756829,0.0000062030,0.0010000000,0.1000000000,1.0000000000,0.0000000000
0.0110919979,1.7638304461,0.0000078559,0.0761692038,13.3128361611,0.0666666667,0.0092387185,0.9627697524,0.0000087288,0.0010000000,0.1000000000,1.0000000000,0.0000000000
0.0123465764,1.9616877854,0.0000108578,0.0949121890,13.8076192083,0.0666666667,0.0092363952,0.9585646974,0.0000120643,0.0010000000,0.1000000000,1.0000000000,0.0000000000
0.0136641154,2.1690430655,0.0000147837,0.1170698719,14.3471536749,0.0666666667,0.0092339553,0.9541516213,0.0000164263,0.0010000000,0.1000000000,1.0000000000,0.0000000000
0.0150476841,2.3862808309,0.0000198769,0.1431445836,14.9347873225,0.0666666667,0.0092313932,0.9495214998,0.0000220854,0.0010000000,0.1000000000,1.0000000000,0.0000000000
0.0165004920,2.6137845895,0.0000264417,0.1737044021,15.5738353328,0.0666666667,0.0092287028,0.9446652644,0.0000293796,0.0010000000,0.1000000000,1.0000000000,0.0000000000
0.0180258942,2.8519316714,0.0000348578,0.2093885971,16.2674634854,0.0666666667,0.0092258780,0.9395739162,0.0000387308,0.0010000000,0.1000000000,1.0000000000,0.0000000000
0.0196273970,3.1010864819,0.0000455995,0.2509119520,17.0185268370,0.0666666667,0.0092229122,0.9342386777,0.0000506661,0.0010000000,0.1000000000,1.0000000000,0.0000000000
0.0213086633,3.3615917341,0.0000592586,0.2990670408,17.8293540706,0.0666666667,0.0092197988,0.9286511927,0.0000658429,0.0010000000,0.1000000000,1.0000000000,0.0000000000
0.0230735186,3.6337571791,0.0000765729,0.3547231642,18.7014691368,0.0666666667,0.0092165305,0.9228037863,0.0000850810,0.0010000000,0.1000000000,1.0000000000,0.0000000000
0.0249259567,3.9178452917,0.0000984603,0.4188201886,19.6352469852,0.0666666667,0.0092131001,0.9166897986,0.0001094003,0.0010000000,0.1000000000,1.0000000000,0.0000000000
0.0268701452,4.2140533470,0.0001260595,0.4923550022,20.6295118254,0.0666666667,0.0092094997,0.9103040049,0.0001400661,0.0010000000,0.1000000000,1.0000000000,0.0000000000
0.0289104319,4.5224913917,0.0001607772,0.5763577634,21.6811077312,0.0666666667,0.0092057214,0.9036431355,0.0001786413,0.0010000000,0.1000000000,1.0000000000,0.0000000000
0.0310513501,4.8431558221,0.0002043395,0.6718547175,22.7845043442,0.0666666667,0.0092017568,0.8967065009,0.0002270439,0.0010000000,0.1000000000,1.0000000000,0.0000000000
0.0332976245,5.1758987566,0.0002588462,0.7798143396,23.9315394532,0.0666666667,0.0091975970,0.8894967183,0.0002876069,0.0010000000,0.1000000000,1.0000000000,0.0000000000
0.0356541773,5.5203942526,0.0003268174,0.9010743521,25.1114201363,0.0666666667,0.0091932330,0.8820205110,0.0003631304,0.0010000000,0.1000000000,1.0000000000,0.0000000000
0.0381261335,5.8761037660,0.0004112242,1.0362493026,26.3110446849,0.0666666667,0.0091886553,0.8742895224,0.0004569158,0.0010000000,0.1000000000,1.0000000000,0.0000000000
0.0407188268,6.2422450105,0.0005154877,1.1856223423,27.5154845649,0.0666666667,0.0091838540,0.8663210388,0.0005727641,0.0010000000,0.1000000000,1.0000000000,0.0000000000
0.0434378046,6.6177699742,0.0006434370,1.3490305133,28.7080881984,0.0666666667,0.0091788189,0.8581384826,0.0007149300,0.0010000000,0.1000000000,1.0000000000,0.0000000000
0.0462888334,7.0013581988,0.0007992396,1.5257587979,29.8695020237,0.0666666667,0.0091735392,0.8497715231,0.0008880440,0.0010000000,0.1000000000,1.0000000000,0.0000000000
0.0492779039,7.3914296314,0.0009873281,1.7144616741,30.9756877480,0.0666666667,0.0091680039,0.8412557081,0.0010970312,0.0010000000,0.1000000000,1.0000000000,0.0000000000
0.0524112352,7.7861784058,0.0012123393,1.9131299436,31.9967076210,0.0666666667,0.0091622014,0.8326315889,0.0013470437,0.0010000000,0.1000000000,1.0000000000,0.0000000000
0.0556952793,8.1836271338,0.0014790265,2.1191164161,32.8984440605,0.0666666667,0.0091561199,0.8239433638,0.0016433628,0.0010000000,0.1000000000,1.0000000000,0.0000000000
0.0591367250,8.5817003743,0.0017921100,2.3292287155,33.6469038081,0.0666666667,0.0091497468,0.8152370902,0.0019912334,0.0010000000,0.1000000000,1.0000000000,0.0000000000
0.0627425009,8.9783127224,0.0021560921,2.5398888352,34.2126131654,0.0666666667,0.0091430694,0.8065585919,0.0023956579,0.0010000000,0.1000000000,1.0000000000,0.0000000000
0.0665197783,9.3714619503,0.0025750867,2.7473451101,34.5736847146,0.0666666667,0.0091360745,0.7979513032,0.0028612074,0.0010000000,0.1000000000,1.0000000000,0.0000000000
0.0704759731,9.7593151212,0.0030526868,2.9479085163,34.7175905931,0.0666666667,0.0091287482,0.7894543355,0.0033918742,0.0010000000,0.1000000000,1.0000000000,0.0000000000
0.0746187471,10.1402770794,0.0035918744,3.1381788879,34.6417710068,0.0666666667,0.0091210764,0.7811010075,0.0039909715,0.0010000000,0.1000000000,1.0000000000,0.0000000000
0.0789560085,10.5130346772,0.0041949759,3.3152298286,34.3531276432,0.0666666667,0.0091130444,0.7729179698,0.0046610843,0.0010000000,0.1000000000,1.0000000000,0.0000000000
0.0834959110,10.8765749228,0.0048636601,3.4767317658,33.8665984101,0.0666666667,0.0091046372,0.7649249400,0.0054040667,0.0010000000,0.1000000000,1.0000000000,0.0000000000
0.0882468523,11.2301795843,0.0055989673,3.6210065678,33.2031502060,0.0666666667,0.0090958392,0.7571349656,0.0062210748,0.0010000000,0.1000000000,1.0000000000,0.0000000000
0.0932174715,11.5734016728,0.0064013603,3.7470198438,32.3875652905,0.0666666667,0.0090866343,0.7495550715,0.0071126226,0.0010000000,0.1000000000,1.0000000000,0.0000000000
0.0984166444,11.9060303411,0.0072707835,3.8543253995,31.4463432682,0.0666666667,0.0090770062,0.7421871339,0.0080786484,0.0010000000,0.1000000000,1.0000000000,0.0000000000
0.1038534780,12.2280503574,0.0082067223,3.9429794918,30.4059354976,0.0666666667,0.0090669380,0.7350288402,0.0091185804,0.0010000000,0.1000000000,1.0000000000,0.0000000000
0.1095373034,12.5396010572,0.0092082562,4.0134414785,29.2914147690,0.0666666667,0.0090564124,0.7280746279,0.0102313958,0.0010000000,0.1000000000,1.0000000000,0.0000000000
0.1154776665,12.8409381125,0.0102741027,4.0664739410,28.1255897174,0.0666666667,0.0090454117,0.7213165350,0.0114156697,0.0010000000,0.1000000000,1.0000000000,0.0000000000
0.1216843175,13.1324000085,0.0114026505,4.1030510485,26.9285126050,0.0666666667,0.0090339179,0.7147449275,0.0126696117,0.0010000000,0.1000000000,1.0000000000,0.0000000000
0.1281671974,13.4143799849,0.0125919832,4.1242799613,25.7172996349,0.0666666667,0.0090219126,0.7083490935,0.0139910924,0.0010000000,0.1000000000,1.0000000000,0.0000000000
0.1349364233,13.6873034320,0.0138398936,4.1313370039,24.5061769781,0.0666666667,0.0090093770,0.7021177111,0.0153776596,0.0010000000,0.1000000000,1.0000000000,0.0000000000
0.1420022705,13.9516102738,0.0151438909,4.1254182781,23.3066739968,0.0666666667,0.0089962921,0.6960392022,0.0168265455,0.0010000000,0.1000000000,1.0000000000,0.0000000000
0.1493751529,14.2077416583,0.0165012011,4.1077032096,22.1279000364,0.0666666667,0.0089826386,0.6901019928,0.0183346679,0.0010000000,0.1000000000,1.0000000000,0.0000000000
0.1570655998,14.4561302151,0.0179087627,4.0793289951,20.9768574490,0.0666666667,0.0089683970,0.6842946948,0.0198986253,0.0010000000,0.1000000000,1.0000000000,0.0000000000
0.1650842307,14.6971931747,0.0193632181,4.0413738188,19.8587582823,0.0666666667,0.0089535477,0.6786062288,0.0215146868,0.0010000000,0.1000000000,1.0000000000,0.0000000000
0.1734417267,14.9313277228,0.0208609020,3.9948468591,18.7773240817,0.0666666667,0.0089380709,0.6730258982,0.0231787800,0.0010000000,0.1000000000,1.0000000000,0.0000000000
0.1821487988,15.1589080612,0.0223978278,3.9406833742,17.7350572918,0.0666666667,0.0089219467,0.6675434300,0.0248864754,0.0010000000,0.1000000000,1.0000000000,0.0000000000
0.1912161531,15.3802837408,0.0239696724,3.8797434617,16.7334791028,0.0666666667,0.0089051553,0.6621489884,0.0266329693,0.0010000000,0.1000000000,1.0000000000,0.0000000000
0.2006544527,15.5957789227,0.0255717609,3.8128133791,15.7733327980,0.0666666667,0.0088876769,0.6568331701,0.0284130677,0.0010000000,0.1000000000,1.0000000000,0.0000000000
0.2104742760,15.8056922935,0.0271990522,3.7406085762,14.8547542301,0.0666666667,0.0088694921,0.6515869868,0.0302211692,0.0010000000,0.1000000000,1.0000000000,0.0000000000
0.2206860715,16.0102974268,0.0288461267,3.6637778034,13.9774124780,0.0666666667,0.0088505813,0.6464018377,0.0320512519,0.0010000000,0.1000000000,1.0000000000,0.0000000000
0.2313001094,16.2098434278,0.0305071766,3.5829078378,13.1406243678,0.0666666667,0.0088309257,0.6412694768,0.0338968629,0.0010000000,0.1000000000,1.0000000000,0.0000000000
0.2423264290,16.4045557402,0.0321760014,3.4985285049,12.3434466737,0.0666666667,0.0088105066,0.6361819765,0.0357511126,0.0010000000,0.1000000000,1.0000000000,0.0000000000
0.2537747838,16.5946370220,0.0338460091,3.4111177776,11.5847496437,0.0666666667,0.0087893060,0.6311316885,0.0376066767,0.0010000000,0.1000000000,1.0000000000,0.0000000000
0.2656545813,16.7802680217,0.0355102248,3.3211068123,10.8632751630,0.0666666667,0.0087673063,0.6261112055,0.0394558053,0.0010000000,0.1000000000,1.0000000000,0.0000000000
0.2779748214,16.9616084004,0.0371613082,3.2288848399,10.1776824572,0.0666666667,0.0087444911,0.6211133212,0.0412903424,0.0010000000,0.1000000000,1.0000000000,0.0000000000
0.2907440307,17.1387974627,0.0387915816,3.1348038703,9.5265838188,0.0666666667,0.0087208444,0.6161309925,0.0431017574,0.0010000000,0.1000000000,1.0000000000,0.0000000000
0.3039701934,17.3119547633,0.0403930702,3.0391832014,8.9085724353,0.0666666667,0.0086963515,0.6111573028,0.0448811892,0.0010000000,0.1000000000,1.0000000000,0.0000000000
0.3176606809,17.4811805657,0.0419575557,2.9423137413,8.3222440359,0.0666666667,0.0086709987,0.6061854265,0.0466195063,0.0010000000,0.1000000000,1.0000000000,0.0000000000
0.3318221777,17.6465561313,0.0434766458,2.8444621733,7.7662137522,0.0666666667,0.0086447737,0.6012085968,0.0483073842,0.0010000000,0.1000000000,1.0000000000,0.0000000000
0.3464606064,17.8081438215,0.0449418615,2.7458750003,7.2391293227,0.0666666667,0.0086176655,0.5962200753,0.0499354017,0.0010000000,0.1000000000,1.0000000000,0.0000000000
0.3615810508,17.9659869909,0.0463447434,2.6467825190,6.7396815450,0.0666666667,0.0085896647,0.5912131261,0.0514941594,0.0010000000,0.1000000000,1.0000000000,0.0000000000
0.3771876783,18.1201096561,0.0476769809,2.5474027763,6.2666127024,0.0666666667,0.0085607636,0.5861809935,0.0529744233,0.0010000000,0.1000000000,1.0000000000,0.0000000000
0.3932836622,18.2705159163,0.0489305658,2.4479455745,5.8187235440,0.0666666667,0.0085309562,0.5811168858,0.0543672953,0.0010000000,0.1000000000,1.0000000000,0.0000000000
0.4098711039,18.4171891031,0.0500979740,2.3486165907,5.3948792858,0.0666666667,0.0085002387,0.5760139670,0.0556644155,0.0010000000,0.1000000000,1.0000000000,0.0000000000
0.4269509569,18.5600906356,0.0511723799,2.2496216854,4.9940150093,0.0666666667,0.0084686093,0.5708653578,0.0568581999,0.0010000000,0.1000000000,1.0000000000,0.0000000000
0.4445229527,18.6991585553,0.0521479064,2.1511714787,4.6151407581,0.0666666667,0.0084360686,0.5656641498,0.0579421182,0.0010000000,0.1000000000,1.0000000000,0.0000000000
0.4625855294,18.8343057173,0.0530199154,2.0534862688,4.2573465700,0.0666666667,0.0084026194,0.5604034381,0.0589110171,0.0010000000,0.1000000000,1.0000000000,0.0000000000
0.4811357642,18.9654176225,0.0537853454,1.9568013667,3.9198076129,0.0666666667,0.0083682671,0.5550763768,0.0597614949,0.0010000000,0.1000000000,1.0000000000,0.0000000000
0.5001693105,19.0923498927,0.0544430984,1.8613728958,3.6017895168,0.0666666667,0.0083330198,0.5496762652,0.0604923316,0.0010000000,0.1000000000,1.0000000000,0.0000000000
0.5196803412,19.2149254184,0.0549944805,1.7674840749,3.3026538915,0.0666666667,0.0082968883,0.5441966753,0.0611049783,0.0010000000,0.1000000000,1.0000000000,0.0000000000
0.5396614981,19.3329312636,0.0554436955,1.6754519303,3.0218638752,0.0666666667,0.0082598861,0.5386316301,0.0616041061,0.0010000000,0.1000000000,1.0000000000,0.0000000000
0.5601038497,19.4461154962,0.0557983830,1.5856342719,2.7589893577,0.0666666667,0.0082220299,0.5329758481,0.0619982034,0.0010000000,0.1000000000,1.0000000000,0.0000000000
0.5809968569,19.5541842400,0.0560701812,1.4984365928,2.5137112400,0.0666666667,0.0081833392,0.5272250648,0.0623002013,0.0010000000,0.1000000000,1.0000000000,0.0000000000
0.6023283492,19.6567994310,0.0562752718,1.4143182879,2.2858237240,0.0666666667,0.0081438364,0.5213764454,0.0625280797,0.0010000000,0.1000000000,1.0000000000,0.0000000000
0.6240845103,19.7535780058,0.0564348342,1.3337972379,2.0752331847,0.0666666667,0.0081035472,0.5154290908,0.0627053713,0.0010000000,0.1000000000,1.0000000000,0.0000000000
0.6462498761,19.8440935407,0.0565752896,1.2574513684,1.8819517253,0.0666666667,0.0080625002,0.5093846287,0.0628614329,0.0010000000,0.1000000000,1.0000000000,0.0000000000
0.6688073438,19.9278816411,0.0567281634,1.1859153509,1.7060832047,0.0666666667,0.0080207271,0.5032478537,0.0630312927,0.0010000000,0.1000000000,1.0000000000,0.0000000000
0.6917381935,20.0044505237,0.0569293442,1.1198703248,1.5477996247,0.0666666667,0.0079782626,0.4970273444,0.0632548269,0.0010000000,0.1000000000,1.0000000000,0.0000000000
0.7150221237,20.0732980297,0.0572175067,1.0600246533,1.4073066408,0.0666666667,0.0079351442,0.4907359401,0.0635750074,0.0010000000,0.1000000000,1.0000000000,0.0000000000
0.7386372983,20.1339355097,0.0576315439,1.0070846549,1.2847989682,0.0666666667,0.0078914124,0.4843909213,0.0640350488,0.0010000000,0.1000000000,1.0000000000,0.0000000000
0.7625604087,20.1859174467,0.0582070813,0.9617162141,1.1804096136,0.0666666667,0.0078471104,0.4780137278,0.0646745348,0.0010000000,0.1000000000,1.0000000000,0.0000000000
0.7867667475,20.2288735367,0.0589725400,0.9245010230,1.0941604717,0.0666666667,0.0078022838,0.4716291071,0.0655250445,0.0010000000,0.1000000000,1.0000000000,0.0000000000
0.8112302966,20.2625379513,0.0599456707,0.8958940473,1.0259242323,0.0666666667,0.0077569809,0.4652637181,0.0666063008,0.0010000000,0.1000000000,1.0000000000,0.0000000000
0.8359238264,20.2867698891,0.0611317266,0.8761901265,0.9754067334,0.0666666667,0.0077112522,0.4589444004,0.0679241406,0.0010000000,0.1000000000,1.0000000000,0.0000000000
0.8608190076,20.3015612116,0.0625241495,0.8655061135,0.9421539375,0.0666666667,0.0076651500,0.4526964669,0.0694712772,0.0010000000,0.1000000000,1.0000000000,0.0000000000
0.8858865338,20.3070306540,0.0641077293,0.8637807832,0.9255801780,0.0666666667,0.0076187286,0.4465423928,0.0712308104,0.0010000000,0.1000000000,1.0000000000,0.0000000000
0.9110962541,20.3034080201,0.0658630716,0.8707898486,0.9250079965,0.0666666667,0.0075720440,0.4405011242,0.0731811907,0.0010000000,0.1000000000,1.0000000000,0.0000000000
0.9364173138,20.2910137758,0.0677706231,0.8861703948,0.9397081908,0.0666666667,0.0075251531,0.4345879897,0.0753006923,0.0010000000,0.1000000000,1.0000000000,0.0000000000
0.9618183033,20.2702387671,0.0698128956,0.9094490113,0.9689320416,0.0666666667,0.0074781143,0.4288150098,0.0775698840,0.0010000000,0.1000000000,1.0000000000,0.0000000000
0.9872674122,20.2415264415,0.0719746073,0.9400699416,1.0119333672,0.0666666667,0.0074309863,0.4231913467,0.0799717859,0.0010000000,0.1000000000,1.0000000000,0.0000000000
1.0127325878,20.2052583442,0.0737604636,0.9775189978,1.0681254921,0.0666666667,0.0073838285,0.4177065983,0.0819560707,0.0010000000,0.1000000000,1.0000000000,0.0000000000
1.0381816967,20.1616371128,0.0751348490,1.0214336415,1.1372674610,0.0666666667,0.0073367006,0.4123341869,0.0834831655,0.0010000000,0.1000000000,1.0000000000,0.0000000000
1.0635826862,20.1109084376,0.0765583771,1.0713851478,1.2191198731,0.0666666667,0.0072896617,0.4070647383,0.0850648634,0.0010000000,0.1000000000,1.0000000000,0.0000000000
1.0889037459,20.0534603331,0.0780075347,1.1267976724,1.3132590450,0.0666666667,0.0072427708,0.4019035778,0.0866750385,0.0010000000,0.1000000000,1.0000000000,0.0000000000
1.1141134662,19.9896884601,0.0794570649,1.1870954258,1.4192878930,0.0666666667,0.0071960862,0.3968540615,0.0882856276,0.0010000000,0.1000000000,1.0000000000,0.0000000000
1.1391809924,19.9199853659,0.0808808558,1.2517190455,1.5368491438,0.0666666667,0.0071496648,0.3919177253,0.0898676175,0.0010000000,0.1000000000,1.0000000000,0.0000000000
1.1640761736,19.8447317760,0.0822529765,1.3201380175,1.6656367397,0.0666666667,0.0071035626,0.3870944940,0.0913921961,0.0010000000,0.1000000000,1.0000000000,0.0000000000
1.1887697034,19.7642901665,0.0835486337,1.3918590719,1.8054046747,0.0666666667,0.0070578339,0.3823829259,0.0928318153,0.0010000000,0.1000000000,1.0000000000,0.0000000000
1.2132332525,19.6790005195,0.0847449288,1.4664309436,1.9559730161,0.0666666667,0.0070125310,0.3777804717,0.0941610320,0.0010000000,0.1000000000,1.0000000000,0.0000000000
1.2374395913,19.5891779543,0.0858213807,1.5434461559,2.1172312958,0.0666666667,0.0069677045,0.3732837231,0.0953570897,0.0010000000,0.1000000000,1.0000000000,0.0000000000
1.2613627017,19.4951118267,0.0867602338,1.6225405691,2.2891397123,0.0666666667,0.0069234024,0.3688886384,0.0964002598,0.0010000000,0.1000000000,1.0000000000,0.0000000000
1.2849778763,19.3970658908,0.0875465912,1.7033913867,2.4717286849,0.0666666667,0.0068796706,0.3645907354,0.0972739903,0.0010000000,0.1000000000,1.0000000000,0.0000000000
1.3082618065,19.2952791646,0.0881684180,1.7857141992,2.6650972878,0.0666666667,0.0068365522,0.3603852504,0.0979649088,0.0010000000,0.1000000000,1.0000000000,0.0000000000
1.3311926562,19.1899672172,0.0886164561,1.8692595088,2.8694110133,0.0666666667,0.0067940877,0.3562672648,0.0984627290,0.0010000000,0.1000000000,1.0000000000,0.0000000000
1.3537501239,19.0813236664,0.0888840821,1.9538090541,3.0848992207,0.0666666667,0.0067523146,0.3522318018,0.0987600913,0.0010000000,0.1000000000,1.0000000000,0.0000000000
1.3759154897,18.9695217405,0.0889671308,2.0391721453,3.3118525271,0.0666666667,0.0067112676,0.3482738985,0.0988523676,0.0010000000,0.1000000000,1.0000000000,0.0000000000
1.3976716508,18.8547158089,0.0888637011,2.1251821410,3.5506203157,0.0666666667,0.0066709784,0.3443886576,0.0987374457,0.0010000000,0.1000000000,1.0000000000,0.0000000000
1.4190031431,18.7370428254,0.0885739549,2.2116931388,3.8016084691,0.0666666667,0.0066314757,0.3405712828,0.0984155055,0.0010000000,0.1000000000,1.0000000000,0.0000000000
1.4398961503,18.6166236502,0.0880999156,2.2985769098,4.0652773887,0.0666666667,0.0065927849,0.3368171018,0.0978887952,0.0010000000,0.1000000000,1.0000000000,0.0000000000
1.4603385019,18.4935642401,0.0874452695,2.3857200845,4.3421403224,0.0666666667,0.0065549287,0.3331215787,0.0971614105,0.0010000000,0.1000000000,1.0000000000,0.0000000000
1.4803196588,18.3679567037,0.0866151731,2.4730215764,4.6327620012,0.0666666667,0.0065179266,0.3294803205,0.0962390812,0.0010000000,0.1000000000,1.0000000000,0.0000000000
1.4998306895,18.2398802258,0.0856160682,2.5603902254,4.9377575689,0.0666666667,0.0064817950,0.3258890768,0.0951289646,0.0010000000,0.1000000000,1.0000000000,0.0000000000
1.5188642358,18.1094018696,0.0844555034,2.6477426345,5.2577917776,0.0666666667,0.0064465477,0.3223437366,0.0938394482,0.0010000000,0.1000000000,1.0000000000,0.0000000000
1.5374144706,17.9765772659,0.0831419649,2.7350011748,5.5935784174,0.0666666667,0.0064121954,0.3188403220,0.0923799610,0.0010000000,0.1000000000,1.0000000000,0.0000000000
1.5554770473,17.8414511995,0.0816847149,2.8220921317,5.9458799438,0.0666666667,0.0063787462,0.3153749793,0.0907607943,0.0010000000,0.1000000000,1.0000000000,0.0000000000
1.5730490431,17.7040581011,0.0800936391,2.9089439675,6.3155072621,0.0666666667,0.0063462055,0.3119439700,0.0889929324,0.0010000000,0.1000000000,1.0000000000,0.0000000000
1.5901288961,17.5644224532,0.0783791030,2.9954856763,6.7033196301,0.0666666667,0.0063145761,0.3085436591,0.0870878922,0.0010000000,0.1000000000,1.0000000000,0.0000000000
1.6067163378,17.4225591172,0.0765518168,3.0816452095,7.1102246321,0.0666666667,0.0062838586,0.3051705046,0.0850575742,0.0010000000,0.1000000000,1.0000000000,0.0000000000
1.6228123217,17.2784735858,0.0746227107,3.1673479511,7.5371781784,0.0666666667,0.0062540513,0.3018210455,0.0829141230,0.0010000000,0.1000000000,1.0000000000,0.0000000000
1.6384189492,17.1321621662,0.0726028187,3.2525152238,7.9851844766,0.0666666667,0.0062251501,0.2984918892,0.0806697986,0.0010000000,0.1000000000,1.0000000000,0.0000000000
1.6535393936,16.9836120977,0.0705031731,3.3370628072,8.4552959135,0.0666666667,0.0061971493,0.2951796997,0.0783368590,0.0010000000,0.1000000000,1.0000000000,0.0000000000
1.6681778223,16.8328016029,0.0683347084,3.4208994505,8.9486127777,0.0666666667,0.0061700411,0.2918811849,0.0759274538,0.0010000000,0.1000000000,1.0000000000,0.0000000000
1.6823393191,16.6796998777,0.0661081756,3.5039253648,9.4662827341,0.0666666667,0.0061438161,0.2885930834,0.0734535285,0.0010000000,0.1000000000,1.0000000000,0.0000000000
1.6960298066,16.5242670160,0.0638340667,3.5860306751,10.0094999461,0.0666666667,0.0061184633,0.2853121519,0.0709267408,0.0010000000,0.1000000000,1.0000000000,0.0000000000
1.7092559693,16.3664538725,0.0615225489,3.6670938195,10.5795037076,0.0666666667,0.0060939704,0.2820351516,0.0683583877,0.0010000000,0.1000000000,1.0000000000,0.0000000000
1.7220251786,16.2062018599,0.0591834094,3.7469798759,11.1775764166,0.0666666667,0.0060703237,0.2787588341,0.0657593438,0.0010000000,0.1000000000,1.0000000000,0.0000000000
1.7343454187,16.0434426808,0.0568260091,3.8255388026,11.8050406673,0.0666666667,0.0060475085,0.2754799277,0.0631400101,0.0010000000,0.1000000000,1.0000000000,0.0000000000
1.7462252162,15.8780979922,0.0544592463,3.9026035737,12.4632551806,0.0666666667,0.0060255089,0.2721951221,0.0605102737,0.0010000000,0.1000000000,1.0000000000,0.0000000000
1.7576735710,15.7100790018,0.0520915294,3.9779881953,13.1536092093,0.0666666667,0.0060043082,0.2689010535,0.0578794771,0.0010000000,0.1000000000,1.0000000000,0.0000000000
1.7686998906,15.5392859947,0.0497307578,4.0514855845,13.8775149552,0.0666666667,0.0059838891,0.2655942878,0.0552563975,0.0010000000,0.1000000000,1.0000000000,0.0000000000
1.7793139285,15.3656077905,0.0473843106,4.1228652977,14.6363974104,0.0666666667,0.0059642335,0.2622713046,0.0526492340,0.0010000000,0.1000000000,1.0000000000,0.0000000000
1.7895257240,15.1889211319,0.0450590435,4.1918710927,15.4316808805,0.0666666667,0.0059453227,0.2589284789,0.0500656039,0.0010000000,0.1000000000,1.0000000000,0.0000000000
1.7993455473,15.0090900072,0.0427612911,4.2582183171,16.2647712631,0.0666666667,0.0059271379,0.2555620632,0.0475125456,0.0010000000,0.1000000000,1.0000000000,0.0000000000
1.8087838469,14.8259649111,0.0404968758,4.3215911146,17.1370329361,0.0666666667,0.0059096595,0.2521681680,0.0449965287,0.0010000000,0.1000000000,1.0000000000,0.0000000000
1.8178512012,14.6393820528,0.0382711219,4.3816394528,18.0497588537,0.0666666667,0.0058928681,0.2487427417,0.0425234687,0.0010000000,0.1000000000,1.0000000000,0.0000000000
1.8265582733,14.4491625219,0.0360888726,4.4379759849,19.0041321557,0.0666666667,0.0058767439,0.2452815506,0.0400987474,0.0010000000,0.1000000000,1.0000000000,0.0000000000
1.8349157693,14.2551114307,0.0339545124,4.4901727746,20.0011772751,0.0666666667,0.0058612671,0.2417801570,0.0377272360,0.0010000000,0.1000000000,1.0000000000,0.0000000000
1.8429344002,14.0570170569,0.0318719896,4.5377579336,21.0416981788,0.0666666667,0.0058464178,0.2382338988,0.0354133218,0.0010000000,0.1000000000,1.0000000000,0.0000000000
1.8506248471,13.8546500192,0.0298448425,4.5802122561,22.1262010305,0.0666666667,0.0058321762,0.2346378683,0.0331609361,0.0010000000,0.1000000000,1.0000000000,0.0000000000
1.8579977295,13.6477625331,0.0278762248,4.6169659716,23.2547982335,0.0666666667,0.0058185227,0.2309868918,0.0309735831,0.0010000000,0.1000000000,1.0000000000,0.0000000000
1.8650635767,13.4360878056,0.0259689323,4.6473957965,24.4270905646,0.0666666667,0.0058054378,0.2272755120,0.0288543693,0.0010000000,0.1000000000,1.0000000000,0.0000000000
1.8718328026,13.2193396504,0.0241254283,4.6708225359,25.6420239988,0.0666666667,0.0057929022,0.2234979722,0.0268060314,0.0010000000,0.1000000000,1.0000000000,0.0000000000
1.8783156825,12.9972124281,0.0223478679,4.6865095825,26.8977179813,0.0666666667,0.0057808969,0.2196482054,0.0248309643,0.0010000000,0.1000000000,1.0000000000,0.0000000000
1.8845223335,12.7693814484,0.0206381212,4.6936627775,28.1912624597,0.0666666667,0.0057694031,0.2157198303,0.0229312458,0.0010000000,0.1000000000,1.0000000000,0.0000000000
1.8904626966,12.5355040120,0.0189977941,4.6914322419,29.5184821881,0.0666666667,0.0057584024,0.2117061557,0.0211086601,0.0010000000,0.1000000000,1.0000000000,0.0000000000
1.8961465220,12.2952213143,0.0174282465,4.6789169634,30.8736689174,0.0666666667,0.0057478768,0.2076001989,0.0193647184,0.0010000000,0.1000000000,1.0000000000,0.0000000000
1.9015833556,12.0481614955,0.0159306092,4.6551731164,32.2492854784,0.0666666667,0.0057378086,0.2033947208,0.0177006768,0.0010000000,0.1000000000,1.0000000000,0.0000000000
1.9067825285,11.7939441840,0.0145057961,4.6192273023,33.6356508589,0.0666666667,0.0057281805,0.1990822849,0.0161175513,0.0010000000,0.1000000000,1.0000000000,0.0000000000
1.9117531477,11.5321869523,0.0131545156,4.5700960914,35.0206226237,0.0666666667,0.0057189757,0.1946553469,0.0146161285,0.0010000000,0.1000000000,1.0000000000,0.0000000000
1.9165040890,11.2625141741,0.0118772768,4.5068133824,36.3893027908,0.0666666667,0.0057101776,0.1901063836,0.0131969742,0.0010000000,0.1000000000,1.0000000000,0.0000000000
1.9210439915,10.9845688266,0.0106743929,4.4284671107,37.7238056401,0.0666666667,0.0057017704,0.1854280714,0.0118604365,0.0010000000,0.1000000000,1.0000000000,0.0000000000
1.9253812529,10.6980277956,0.0095459795,4.3342466162,39.0031403913,0.0666666667,0.0056937384,0.1806135254,0.0106066439,0.0010000000,0.1000000000,1.0000000000,0.0000000000
1.9295240269,10.4026211909,0.0084919481,4.2235014024,40.2032767015,0.0666666667,0.0056860666,0.1756566106,0.0094354979,0.0010000000,0.1000000000,1.0000000000,0.0000000000
1.9334802217,10.0981560045,0.0075119926,4.0958109162,41.2974733679,0.0666666667,0.0056787403,0.1705523330,0.0083466585,0.0010000000,0.1000000000,1.0000000000,0.0000000000
1.9372574991,9.7845440939,0.0066055686,3.9510632149,42.2569552846,0.0666666667,0.0056717454,0.1652973162,0.0073395206,0.0010000000,0.1000000000,1.0000000000,0.0000000000
1.9408632750,9.4618338935,0.0057718643,3.7895378904,43.0520132945,0.0666666667,0.0056650680,0.1598903575,0.0064131825,0.0010000000,0.1000000000,1.0000000000,0.0000000000
1.9443047207,9.1302443967,0.0050097642,3.6119855311,43.6535677013,0.0666666667,0.0056586950,0.1543330452,0.0055664047,0.0010000000,0.1000000000,1.0000000000,0.0000000000
1.9475887648,8.7901988518,0.0043178057,3.4196927560,44.0351720102,0.0666666667,0.0056526134,0.1486303966,0.0047975619,0.0010000000,0.1000000000,1.0000000000,0.0000000000
1.9507220961,8.4423543923,0.0036941332,3.2145193261,44.1753384354,0.0666666667,0.0056468109,0.1427914559,0.0041045924,0.0010000000,0.1000000000,1.0000000000,0.0000000000
1.9537111666,8.0876227657,0.0031364549,2.9988932560,44.0599523815,0.0666666667,0.0056412756,0.1368297646,0.0034849499,0.0010000000,0.1000000000,1.0000000000,0.0000000000
1.9565621954,7.7271768464,0.0026420117,2.7757525129,43.6844370504,0.0666666667,0.0056359959,0.1307636047,0.0029355685,0.0010000000,0.1000000000,1.0000000000,0.0000000000
1.9592811732,7.3624381978,0.0022075654,2.5484285678,43.0552724497,0.0666666667,0.0056309608,0.1246159163,0.0024528504,0.0010000000,0.1000000000,1.0000000000,0.0000000000
1.9618738665,6.9950428844,0.0018294166,2.3204772435,42.1905064995,0.0666666667,0.0056261595,0.1184138199,0.0020326851,0.0010000000,0.1000000000,1.0000000000,0.0000000000
1.9643458227,6.6267859623,0.0015034562,2.0954737919,41.1190387844,0.0666666667,0.0056215818,0.1121877286,0.0016705069,0.0010000000,0.1000000000,1.0000000000,0.0000000000
1.9667023755,6.2595489620,0.0012252524,1.8767984505,39.8786724689,0.0666666667,0.0056172178,0.1059701081,0.0013613916,0.0010000000,0.1000000000,1.0000000000,0.0000000000
1.9689486499,5.8952182350,0.0009901686,1.6674424109,38.5130064617,0.0666666667,0.0056130581,0.0997940158,0.0011001873,0.0010000000,0.1000000000,1.0000000000,0.0000000000
1.9710895681,5.5356042379,0.0007935080,1.4698603214,37.0669151125,0.0666666667,0.0056090934,0.0936916029,0.0008816756,0.0010000000,0.1000000000,1.0000000000,0.0000000000
1.9731298548,5.1823713526,0.0006306574,1.2858844971,35.5809056638,0.0666666667,0.0056053151,0.0876927659,0.0007007304,0.0010000000,0.1000000000,1.0000000000,0.0000000000
1.9750740433,4.8369840731,0.0004971790,1.1167021711,34.0871636033,0.0666666667,0.0056017147,0.0818240713,0.0005524211,0.0010000000,0.1000000000,1.0000000000,0.0000000000
1.9769264814,4.5006713025,0.0003888599,0.9628875423,32.6099105414,0.0666666667,0.0055982843,0.0761080056,0.0004320665,0.0010000000,0.1000000000,1.0000000000,0.0000000000
1.9786913367,4.1744092451,0.0003017687,0.8244763573,31.1684104888,0.0666666667,0.0055950160,0.0705625724,0.0003352985,0.0010000000,0.1000000000,1.0000000000,0.0000000000
1.9803726030,3.8589227494,0.0002323312,0.7010679334,29.7792728029,0.0666666667,0.0055919026,0.0652012465,0.0002581457,0.0010000000,0.1000000000,1.0000000000,0.0000000000
1.9819741058,3.5547024675,0.0001773919,0.5919376688,28.4569358515,0.0666666667,0.0055889368,0.0600332396,0.0001971021,0.0010000000,0.1000000000,1.0000000000,0.0000000000
1.9834995080,3.2620326264,0.0001342372,0.4961448696,27.2131665483,0.0666666667,0.0055861120,0.0550639820,0.0001491525,0.0010000000,0.1000000000,1.0000000000,0.0000000000
1.9849523159,2.9810236664,0.0001005808,0.4126257802,26.0565583889,0.0666666667,0.0055834216,0.0502957083,0.0001117564,0.0010000000,0.1000000000,1.0000000000,0.0000000000
1.9863358846,2.7116452010,0.0000745256,0.3402673583,24.9924325586,0.0666666667,0.0055808595,0.0457280595,0.0000828062,0.0010000000,0.1000000000,1.0000000000,0.0000000000
1.9876534236,2.4537564770,0.0000545154,0.2779616174,24.0231184624,0.0666666667,0.0055784196,0.0413586450,0.0000605727,0.0010000000,0.1000000000,1.0000000000,0.0000000000
1.9889080021,2.2071329548,0.0000392845,0.2246428163,23.1484480355,0.0666666667,0.0055760963,0.0371835346,0.0000436495,0.0010000000,0.1000000000,1.0000000000,0.0000000000
1.9901025543,1.9714886029,0.0000278100,0.1793107582,22.3663116483,0.0666666667,0.0055738842,0.0331976729,0.0000309000,0.0010000000,0.1000000000,1.0000000000,0.0000000000
1.9912398850,1.7464940580,0.0000192701,0.1410435454,21.6731797044,0.0666666667,0.0055717780,0.0293952165,0.0000214113,0.0010000000,0.1000000000,1.0000000000,0.0000000000
1.9923226740,1.5317910833,0.0000130073,0.1090027529,21.0645440097,0.0666666667,0.0055697728,0.0257698023,0.0000144526,0.0010000000,0.1000000000,1.0000000000,0.0000000000
1.9933534817,1.3270038626,0.0000084975,0.0824334347,20.5352651499,0.0666666667,0.0055678639,0.0223147563,0.0000094417,0.0010000000,0.1000000000,1.0000000000,0.0000000000
1.9943347532,1.1317476745,0.0000053245,0.0606608157,20.0798287611,0.0666666667,0.0055660468,0.0190232539,0.0000059161,0.0010000000,0.1000000000,1.0000000000,0.0000000000
1.9952688237,0.9456354506,0.0000031584,0.0430850284,19.6925195962,0.0666666667,0.0055643170,0.0158884391,0.0000035094,0.0010000000,0.1000000000,1.0000000000,0.0000000000
1.9961579223,0.7682826522,0.0000017386,0.0291748502,19.3675212248,0.0666666667,0.0055626705,0.0129035141,0.0000019318,0.0010000000,0.1000000000,1.0000000000,0.0000000000
1.9970041770,0.5993108333,0.0000008595,0.0184610884,19.0989418983,0.0666666667,0.0055611034,0.0100618029,0.0000009550,0.0010000000,0.1000000000,1.0000000000,0.0000000000
1.9978096186,0.4383501876,0.0000003594,0.0105300265,18.8807496655,0.0666666667,0.0055596118,0.0073567966,0.0000003993,0.0010000000,0.1000000000,1.0000000000,0.0000000000
1.9985761848,0.2850413180,0.0000001117,0.0050171811,18.7065551162,0.0666666667,0.0055581923,0.0047821844,0.0000001241,0.0010000000,0.1000000000,1.0000000000,0.0000000000
1.9993057241,0.1390364165,0.0000000175,0.0016014949,18.5690372933,0.0666666667,0.0055568413,0.0023318732,0.0000000194,0.0010000000,0.1000000000,1.0000000000,0.0000000000
2.0000000000,0.0000000000,0.0000000000,0.0000000000,18.4581818132,0.0000000000,0.0000000000,0.0000000000,0.0000000000,0.0010000000,0.1000000000,1.0000000000,0.0000000000
