ReTau,MaBulk,MaCent,uTau,expMu
556.5097887899144,0.3,0.344,0.05394590903169517,0.75
y,ypl,yst,rho,mu,u,u_fav,P,T,T_fav,ust
0.0,0.0,0.0,1.0002729,0.0017969135856072168,0.0,0.0,7.938666100000001,1.0,1.0,0.0
0.000909091,0.5059180404008121,0.50591783240996,1.0002714,0.0017969153090891849,0.5059180480945246,0.5059359363833182,7.9386647,1.0000004,1.0000004,0.5059175710430056
0.0027349484,1.5220255564353145,1.52202230515624,1.0002699,0.0017969170325711527,1.5190860154354304,1.5191305785921765,7.9386633,1.0000016,1.0000017,1.5190819382431333
0.0045762069,2.546703935377949,2.546690212294851,1.0002667,0.001796920053297612,2.5303179138162477,2.5303807545406114,7.9386562,1.0000039,1.000004,2.5303045625729665
0.0064329679,3.5800096073212995,3.57997301151839,1.0002616,0.0017969241303517293,3.5262136353701274,3.5262846324126973,7.9386399,1.0000069,1.000007,3.526181596303166
0.0083053324,4.621998779754033,4.621923626545976,1.0002546,0.0017969287263036432,4.4902405826117615,4.490313618733883,7.9386115,1.0000103,1.0000104,4.490178708097094
0.010193402,5.672727994070692,5.6725972250579195,1.0002461,0.001796933266659365,5.406750302949426,5.406818148687234,7.9385707,1.0000137,1.0000138,5.406647921007847
0.012097278,6.732253624712878,6.73205004216288,1.0002363,0.0017969373622455465,6.263826230112592,6.263888143982615,7.9385172,1.0000167,1.0000169,6.263674554799578
0.014017061,7.800631656565347,7.800338997293511,1.0002255,0.0017969407906774178,7.054371440407288,7.05442556870084,7.9384519,1.0000193,1.0000194,7.054164219003699
0.015952855,8.877919966646129,8.877522759860948,1.000214,0.0017969433851664014,7.775849504242169,7.775899554376617,7.9383757,1.0000212,1.0000214,7.775583018710736
0.017904759,9.96417364942432,9.96365747688864,1.0002019,0.0017969451827766257,8.429314069632815,8.429360412349897,7.9382902,1.0000225,1.0000227,8.428986509205831
0.019872877,11.059450581917948,11.05880215398932,1.0001893,0.0017969462020401552,9.018278656017532,9.018326667072431,7.9381963,1.0000233,1.0000234,9.017889679661462
0.021857309,12.163806415105894,12.163013021238408,1.0001764,0.0017969464800211177,9.547688216679868,9.547738452185186,7.938096,1.0000235,1.0000237,9.547238762397233
0.023858158,13.277298469496408,13.27634846651526,1.0001634,0.0017969461093798344,10.023140766472485,10.023197489958193,7.9379903,1.0000232,1.0000234,10.022632607400174
0.025875525,14.39998295257815,14.398865678720249,1.0001503,0.0017969452013086899,10.450337757192576,10.450400783287808,7.9378809,1.0000225,1.0000227,10.449773048437391
0.027909512,15.531916628349583,15.53062166076568,1.0001372,0.0017969438114038773,10.834756527257527,10.834829192637912,7.9377688,1.0000215,1.0000217,10.834137659232695
0.029960221,16.673156260809158,16.67167446453293,1.0001242,0.0017969420508577813,11.181458072114456,11.181539264554782,7.9376556,1.0000202,1.0000204,11.180787608734883
0.032027754,17.823758613955334,17.822081359234677,1.0001114,0.0017969399752665943,11.495013266634615,11.495104839843568,7.937542,1.0000187,1.0000188,11.494293864967334
0.034112212,18.983779895276786,18.98189933030792,1.0000989,0.0017969376772906372,11.779472278920124,11.779572935301626,7.9374292,1.000017,1.0000171,11.778706647730115
0.036213698,20.153277425281747,20.15118612804392,1.0000868,0.0017969351939940387,12.038391819821614,12.038502856971743,7.9373178,1.0000151,1.0000153,12.037582527795225
0.038332312,21.332306854949103,21.329997762859602,1.0000749,0.0017969325995050545,12.274861650972388,12.274981400553328,7.9372087,1.0000132,1.0000134,12.27401106221749
0.040468156,22.520924948277308,22.51839169068164,1.0000635,0.0017969299308878146,12.491562420499355,12.491691623994578,7.9371022,1.0000112,1.0000114,12.49067286284127
0.042621331,23.719187912755032,23.71642482344176,1.0000525,0.001796927225206446,12.690809781289675,12.690946584990499,7.9369989,1.0000092,1.0000094,12.68988344689213
0.04479194,24.92715306889052,24.9241551985484,1.0000419,0.001796924538057141,12.874613895039511,12.87475904042941,7.9368991,1.0000072,1.0000074,12.873652810115319
0.046980082,26.144875511152858,26.14163770075134,1.0000318,0.0017969218509078363,13.044721882182863,13.044873515553153,7.936803,1.0000052,1.0000054,13.043727983152408
0.04918586,27.3724125600503,27.368930752539995,1.0000221,0.0017969192193547244,13.202665091462993,13.202823768926283,7.936711,1.0000033,1.0000035,13.201640204349355
0.051409373,28.60981931005193,28.60608962225052,1.000013,0.0017969166619298692,13.34978560796661,13.349949846555948,7.9366231,1.0000014,1.0000016,13.348731469638865
0.053650723,29.857152525156202,29.8531722429388,1.0000043,0.0017969141601012063,13.487268507654932,13.48743849274119,7.9365394,0.99999952,0.9999997,13.48618668020986
0.055910009,31.114467299832214,31.110232743406446,0.99999603,0.0017969117509328643,13.616157428516658,13.616331677132886,7.9364599,0.99999773,0.99999791,13.615049329830297
0.058187332,32.38181984156863,32.37732901369652,0.99998826,0.0017969094344248433,13.73737477599259,13.737553844251396,7.9363846,0.99999601,0.99999619,13.73624176126784
0.060482793,33.659266357854115,33.65451671730918,0.99998094,0.001796907229109207,13.851729508552113,13.85191191348655,7.9363134,0.99999437,0.99999455,13.85057283875532
0.06279649,34.94686138664797,34.94185093069999,0.99997406,0.0017969050979218274,13.959931040508328,13.960116967489263,7.9362463,0.99999279,0.99999298,13.95875186661183
0.065128523,36.24466057892908,36.23938720123285,0.99996759,0.0017969030964588972,14.062597027594503,14.062785364396728,7.9361831,0.9999913,0.99999148,14.061396395800509
0.067478991,37.55271902916654,37.54718178482043,0.99996153,0.0017969011876562877,14.160268567375294,14.16045949936967,7.9361239,0.99998989,0.99999007,14.159047437981
0.069847994,38.87109238833921,38.865288803039796,0.99995585,0.0017968994085781273,14.253420209273616,14.253612624234941,7.9360682,0.99998856,0.99998874,14.252179470510132
0.072235629,40.199834637896615,40.19376404304675,0.99995055,0.001796897722160288,14.342475525723605,14.342669609022746,7.9360162,0.99998731,0.99998749,14.341216005254411
0.074641995,41.53900087230785,41.53266087157575,0.9999456,0.0017968961469348335,14.42781434163447,14.428009166417084,7.9359677,0.99998615,0.99998633,14.426536800055967
0.07706719,42.8886456295322,42.882036440575696,0.99994099,0.001796894682901764,14.509777554033063,14.509973120299149,7.9359225,0.99998506,0.99998524,14.508482685809653
0.07951131,44.24882233450941,44.2419423170706,0.99993671,0.00179689333006108,14.588666946693024,14.588862512959112,7.9358805,0.99998405,0.99998423,14.587355404634634
0.081974453,45.619585525198765,45.612433353370626,0.99993275,0.0017968920698807163,14.66475167811517,14.664947429752125,7.9358416,0.99998312,0.9999833,14.663424073844805
0.084456716,47.00098918304978,46.99356469534608,0.99992907,0.0017968909023606738,14.738273101170062,14.738468296694412,7.9358056,0.99998226,0.99998244,14.736929995143218
0.086958195,48.39308673300219,48.38538929880765,0.99992569,0.001796889846033016,14.809451621820145,14.809646446602759,7.9357725,0.99998147,0.99998164,14.808093535272125
0.089478984,49.79593048697613,49.7879589125688,0.99992257,0.0017968888638336148,14.878486328378003,14.878680411677143,7.935742,0.99998075,0.99998092,14.877113742879343
0.092019181,51.20957498293091,51.20132925547258,0.9999197,0.0017968879928265992,14.945557215956784,14.945750372401584,7.935714,0.99998009,0.99998026,14.944170572758967
0.094578878,52.63407141976708,52.62554997730782,0.99991706,0.0017968871774157757,15.010824444986726,15.011016303835445,7.9356883,0.99997949,0.99997966,15.009424162799947
0.09715817,54.0694726659146,54.0606760827725,0.99991465,0.001796886454665273,15.074432048632517,15.074622609885159,7.9356649,0.99997896,0.99997912,15.073018510346298
0.099757151,55.5158310332936,55.506757243553324,0.99991243,0.001796885806043027,15.136507932793307,15.136697011079002,7.9356434,0.99997847,0.99997864,15.13508148504109
0.10237591,56.97319605127529,56.9638451595395,0.99991041,0.001796885231549038,15.197168695745273,15.197356105693155,7.9356239,0.99997804,0.99997821,15.195729665210207
0.10501455,58.4416250403679,58.4319953332095,0.99990855,0.0017968847126512409,15.256520184254232,15.256705555122561,7.9356062,0.99997767,0.99997783,15.25506887577346
0.10767315,59.92116196484477,59.911252935144,0.99990687,0.0017968842678817009,15.314657493575638,15.314841010735282,7.9355902,0.99997734,0.9999775,15.313194185469829
0.11035181,61.411862475684764,61.4016727230845,0.99990534,0.0017968838972404176,15.37166570893805,15.371847001647273,7.9355758,0.99997705,0.99997721,15.370190663802676
0.11305062,62.913776658768874,62.9033049166392,0.99990396,0.0017968835636632625,15.42762342758964,15.427802681219315,7.935563,0.99997682,0.99997697,15.426136898664241
0.11576966,64.4269490348802,64.416195331254,0.99990272,0.0017968833042143642,15.482605724732087,15.48278275391134,7.9355515,0.99997662,0.99997677,15.48110794115451
0.11850903,65.95143525499763,65.9403986524398,0.99990161,0.0017968831003616584,15.536683226666218,15.536858216765921,7.9355415,0.99997646,0.99997662,15.535174403135736
0.12126881,67.48727983990426,67.4759583305483,0.99990062,0.001796882933573081,15.589921925421162,15.590094505699577,7.9355327,0.99997634,0.9999765,15.588402274205091
0.1240491,69.03453844057897,69.022932556893,0.99989976,0.0017968828223806957,15.642382993383466,15.642553163840592,7.9355252,0.99997626,0.99997641,15.640852713208286
0.12684997,70.59325001270699,70.58135798151879,0.999899,0.001796882748252439,15.694121300330155,15.694289060965993,7.9355187,0.99997621,0.99997636,15.692580574414448
0.12967152,72.16347020726717,72.15129161502242,0.99989836,0.001796882729720375,15.745183745090916,15.745349095905466,7.9355135,0.99997619,0.99997634,15.743632745349135
0.13251383,73.74524354504263,73.73277680426929,0.99989781,0.001796882748252439,15.79560814332289,15.795770898945282,7.9355092,0.9999762,0.99997635,15.794047041069959
0.13537698,75.33861454681647,75.3258594915786,0.99989736,0.0017968827853165675,15.845423968994139,15.845584314795245,7.9355059,0.99997623,0.99997638,15.843852939080802
0.13826106,76.94363329846968,76.93058991737699,0.999897,0.001796882859444824,15.894653281237996,15.89481121721781,7.9355034,0.99997629,0.99997643,15.893072485370125
0.14116614,78.56033875568748,78.54700437292621,0.99989672,0.0017968829706372091,15.943313134174346,15.943468660332872,7.9355019,0.99997637,0.99997651,15.941722712812563
0.14409232,80.18878656944875,80.17516137403359,0.9998965,0.0017968831188937223,15.991420767293942,15.991573883631181,7.935501,0.99997648,0.99997662,15.98982086001205
0.14703967,81.82901569543873,81.8150985686038,0.99989637,0.0017968832856823,16.038996571392307,16.039147463279125,7.9355009,0.99997661,0.99997675,16.037387319019484
0.15000827,83.48107065444046,83.46685905246349,0.99989628,0.0017968834895350058,16.08606612764926,16.086214980456532,7.9355014,0.99997676,0.9999769,16.08444765006381
0.1529982,85.14499596723708,85.13048886305401,0.99989626,0.00179688373045184,16.132660022258086,16.132806835985804,7.9355026,0.99997693,0.99997707,16.131032435088514
0.15600953,86.82083058951382,86.806027033997,0.9998963,0.0017968839899007384,16.178809212153787,16.178953986801954,7.9355044,0.99997712,0.99997726,16.177172641869934
0.15904235,88.50862460715165,88.493523728474,0.9998964,0.0017968842678817009,16.22454039074141,16.224683126310023,7.935507,0.99997734,0.99997747,16.22289495730896
0.16209673,90.20841697583577,90.1930179826367,0.99989656,0.0017968845829267918,16.269873948816464,16.270014459934657,7.93551,0.99997757,0.9999777,16.268219766805526
0.16517274,91.92024665125146,91.90454883391502,0.99989679,0.001796884916503947,16.31482471604842,16.314963188087063,7.9355138,0.99997781,0.99997795,16.31316190505124
0.16827045,93.64415258908384,93.628155321024,0.99989707,0.001796885268613166,16.35940585376893,16.35954228672802,7.9355181,0.99997808,0.99997821,16.357734529403327
0.17138994,95.38017931011609,95.363882048118,0.99989742,0.0017968856577865134,16.4036295964553,16.403764175705703,7.9355231,0.99997836,0.99997849,16.401949870594752
0.17453128,97.12836577003343,97.1117680565032,0.99989781,0.0017968860469598613,16.447506324876155,16.44763886504701,7.9355285,0.99997865,0.99997878,16.44581831218033
0.17769453,98.8887453594231,98.87184504770039,0.99989825,0.001796886454665273,16.491044566091446,16.491175437924486,7.9355344,0.99997896,0.99997908,16.489348368379428
0.18087977,100.6613625990683,100.64415934302359,0.99989873,0.001796886899434813,16.534251920306765,16.534380938431124,7.9355407,0.99997928,0.9999794,16.532547629783164
0.18408706,102.4462508795563,102.4287444229114,0.99989925,0.001796887344204353,16.577136729211198,16.57726389362687,7.9355475,0.99997961,0.99997974,16.5754244438406
0.18731647,104.24344915657234,104.22563558694429,0.9998998,0.0017968878075059573,16.619710115056833,16.619835425763824,7.9355546,0.99997996,0.99998008,16.617989925303405
0.19056806,106.05299082070374,106.03487184016261,0.99990038,0.0017968882893396258,16.6619895027053,16.66211314507448,7.9355621,0.99998032,0.99998044,16.66026148705101
0.19384189,107.87490926253781,107.85648094862078,0.99990099,0.0017968887897053581,16.70399509758125,16.70411688624174,7.9355698,0.99998068,0.9999808,16.702259337702007
0.19713803,109.70924343775981,109.6905057065622,0.99990163,0.001796889290071091,16.74574506602977,16.745865186352443,7.9355779,0.99998106,0.99998118,16.744001644089245
0.20045653,111.55602117185914,111.53697403494809,0.99990229,0.0017968898089688874,16.78725646217075,16.78737491415561,7.9355861,0.99998144,0.99998156,16.785505457760852
0.20379746,113.41528142052104,113.395922946408,0.99990299,0.0017968903278666845,16.82854615475321,16.828662938400253,7.9355948,0.99998183,0.99998195,16.826787648131774
0.20716087,115.28705200923491,115.26738026370211,0.99990371,0.0017968908652965451,16.869626192883587,16.86974130819282,7.9356036,0.99998223,0.99998235,16.867860253141824
0.21054681,117.17136076349024,117.15137591506469,0.99990446,0.0017968914212584703,16.910496576561883,16.91061020890417,7.9356128,0.99998264,0.99998275,16.908723270197086
0.21395534,119.06824107387432,119.04794338967281,0.99990523,0.0017968919772203954,16.951145627423397,16.951257776798737,7.9356222,0.99998305,0.99998316,16.949365036516827
0.21738651,120.97772076587663,120.9571062661896,0.99990603,0.0017968925331823206,16.99155795968606,16.99166862609445,7.9356319,0.99998347,0.99998358,16.989770169508777
0.22084037,122.89982766498656,122.87889668195372,0.99990685,0.0017968931076763099,17.03172133887255,17.031830893055734,7.9356417,0.9999839,0.99998401,17.02992642098539
0.22431698,124.83459516179146,124.8133458857188,0.99990769,0.0017968937007023632,17.071631316082037,17.07173975804001,7.9356518,0.99998433,0.99998444,17.06982933672329
0.22781637,126.78203995158499,126.7604728515144,0.99990854,0.0017968942937284166,17.111291598731885,17.11139892846465,7.9356621,0.99998477,0.99998488,17.109482633373474
0.2313386,128.7421954249545,128.72030875994798,0.99990943,0.0017968949052865342,17.15071479204114,17.150821009548693,7.9356727,0.99998522,0.99998533,17.148898917426074
0.2348837,130.7150782771936,130.69286795875098,0.99991032,0.0017968955168446519,17.189917950129686,17.19002305541203,7.9356834,0.99998568,0.99998579,17.18809523382297
0.23845173,132.7007218988897,132.6781884989517,0.99991124,0.0017968961469348335,17.22891775637568,17.229022120174548,7.9356944,0.99998615,0.99998625,17.227088256494632
0.24204271,134.69913742023851,134.67628162002558,0.99991217,0.0017968967955570797,17.267732191753343,17.26783581406874,7.9357055,0.99998662,0.99998672,17.265895976759946
0.24565669,136.71035266672948,136.68717034215982,0.99991314,0.0017968974256472614,17.306382388541664,17.30648526937359,7.935717,0.9999871,0.9999872,17.30453953027029
0.24929371,138.7343898987542,138.7108818035679,0.99991411,0.0017968980928015712,17.344894113291346,17.344996067268927,7.9357286,0.99998758,0.99998768,17.34304466957747
0.2529538,140.77126581160624,140.747432810666,0.99991512,0.0017968987414238174,17.383295542374373,17.383396940239347,7.9357404,0.99998807,0.99998817,17.381439576730607
0.25663699,142.82099710057938,142.7968376048935,0.99991614,0.0017968994085781273,17.421611886228835,17.421712542610337,7.9357524,0.99998857,0.99998867,17.419749458424256
0.26034331,144.88360046096722,144.85911288426632,0.99991719,0.0017969000757324376,17.459860013603755,17.45995992850178,7.9357648,0.99998907,0.99998917,17.457991170962185
0.26407279,146.9590925880634,146.93427798753783,0.99991825,0.0017969007614188118,17.498046968592124,17.498146327377547,7.9357772,0.99998957,0.99998967,17.49617175413766
0.26782547,149.04749574225957,149.022349932973,0.99991935,0.0017969014656372504,17.536171453597863,17.536270070899814,7.9357899,0.99999009,0.99999019,17.534289911113362
0.27160135,151.14880992355563,151.1233340455865,0.99992045,0.0017969021698556885,17.57422586841538,17.574323929604724,7.9358028,0.99999061,0.99999071,17.57233804716196
0.27540047,153.26305739234317,153.2372527015623,0.99992157,0.001796902874074127,17.61220391043514,17.612301415511883,7.935816,0.99999114,0.99999124,17.610309864389446
0.27922286,155.39025484391584,155.3641171298748,0.99992272,0.0017969035968246297,17.650105208915416,17.65020215787955,7.9358293,0.99999168,0.99999177,17.648204988770015
0.28306851,157.53039671317578,157.5039273193428,0.99992389,0.0017969043381071965,17.687930505339676,17.688026898191204,7.9358428,0.99999222,0.99999231,17.686024162451883
0.28693746,159.6835052605145,159.65670277959478,0.99992507,0.001796905060857699,17.725670716535372,17.725766553274298,7.9358566,0.99999276,0.99999285,17.723758318378284
0.29082971,161.84958048593208,161.8224464259179,0.99992629,0.0017969058021402658,17.763304524852646,17.76339980547897,7.9358706,0.99999331,0.99999341,17.761386135430424
0.29474529,164.02863908472207,164.001172127814,0.99992752,0.001796906561954897,17.80080764670775,17.800902556592334,7.9358848,0.99999387,0.99999396,17.798883320178387
0.29868419,166.22067549178666,166.1928743288149,0.99992877,0.0017969073217695276,17.838160618159506,17.838255157302353,7.9358992,0.99999444,0.99999453,17.83623041937983
0.30264643,168.42570083732164,168.39756719141693,0.99993003,0.0017969080815841585,17.87535324381016,17.87544741221127,7.9359136,0.999995,0.99999509,17.873417235780998
0.306632,170.64370955622906,170.61523914608,0.9999313,0.0017969088599308538,17.912389972560547,17.91248377021992,7.9359283,0.99999558,0.99999566,17.910448203248432
0.31064093,172.87471834380258,172.8459098798565,0.99993257,0.001796909638277549,17.949287858530557,17.949381285448197,7.9359429,0.99999615,0.99999624,17.94734038425125
0.31467319,175.1187105047486,175.08956585467232,0.99993385,0.0017969103980921798,17.986065068065287,17.986158124241186,7.9359576,0.99999673,0.99999681,17.984111945966568
0.3187288,177.37569716926285,177.34621195366398,0.99993512,0.0017969111764388748,18.022731981933358,18.02282485273839,7.9359723,0.9999973,0.99999739,18.0207732491488
0.32280775,179.6456727722475,179.61584895485,0.9999364,0.00179691195478557,18.059291566068666,18.059384066131962,7.935987,0.99999788,0.99999796,18.057327262708124
0.32691003,181.9286317486046,181.8984648866253,0.99993768,0.001796912733132265,18.095744561954685,18.09583650590538,7.9360017,0.99999846,0.99999854,18.093774738922512
0.33103563,184.22456853323627,184.19406069015693,0.99993897,0.0017969135114789606,18.132096901459203,18.132188660039024,7.9360165,0.99999903,0.99999911,18.13012160511694
0.33518454,186.5334775610446,186.50262758158496,0.99994025,0.0017969142898256552,18.16836044831779,18.168451836155878,7.9360312,0.99999961,0.99999969,18.166379715847537
0.33935675,188.8553532669318,188.82416000512248,0.99994153,0.0017969150681723504,18.204543544219526,18.204634561315874,7.936046,1.0000002,1.0000003,18.202557407655966
0.34355224,191.190184520702,191.15864340527517,0.9999428,0.0017969158465190457,18.24064415008485,18.240734796439465,7.9360606,1.0000008,1.0000008,18.238652649085605
0.347771,193.53796575725733,193.50607557739,0.99994407,0.0017969166063336766,18.276654480337303,18.27674457057931,7.9360752,1.0000013,1.0000014,18.274657648047057
0.35201299,195.89867471620627,195.866434272418,0.99994531,0.0017969173846803718,18.31256322735391,18.312653132225048,7.9360896,1.0000019,1.000002,18.310561075471878
0.35627819,198.272300267353,198.239704806877,0.99994655,0.0017969181630270669,18.348355005352598,18.348444354111134,7.936104,1.0000025,1.0000026,18.346347547263573
0.36056659,200.65883684559967,200.62588510125602,0.99994776,0.0017969189413737621,18.38401257484262,18.384101738230285,7.9361182,1.0000031,1.0000031,18.381999837247395
0.36487814,203.05825662545683,203.02494734159,0.99994898,0.001796919719720457,18.419525555055344,18.419614162330404,7.9361324,1.0000036,1.0000037,18.41750758091333
0.36921282,205.47054847672868,205.436880406452,0.99995018,0.0017969204795350879,18.45489060931514,18.454979031219334,7.9361465,1.0000042,1.0000043,18.452867449202685
0.37357059,207.8956901390237,207.86166204603296,0.9999514,0.001796921257881783,18.490110703555906,18.49019875471836,7.9361607,1.0000048,1.0000048,18.4880824072188
0.37795141,210.33365935195033,210.299270010508,0.99995261,0.001796922017696414,18.525192325758027,18.525280191549616,7.9361748,1.0000053,1.0000054,18.523158953434574
0.38235525,212.7844394202149,212.749687614225,0.99995384,0.001796922777511045,18.560146968915344,18.560235946932142,7.9361891,1.0000059,1.000006,18.558108586678642
0.38678206,215.24800251832798,215.21289091096057,0.99995508,0.001796923537325676,18.594991131035137,18.595078255343253,7.9362034,1.0000065,1.0000065,18.59294779879258
0.39123178,217.72431525570224,217.6888427436336,0.99995633,0.001796924297140307,18.629735192886034,18.629822317194147,7.9362178,1.000007,1.0000071,18.627686965434755
0.39570439,220.21336650214192,220.1775359484636,0.99995759,0.0017969250569549375,18.664386569302764,18.66447369361088,7.9362322,1.0000076,1.0000077,18.66233349265345
0.40019981,222.71511173686386,222.67892215232158,0.99995886,0.0017969258353016332,18.698947113994016,18.699032384593448,7.9362468,1.0000082,1.0000082,18.696889234041002
0.40471801,225.22953426457448,225.19298062365473,0.99996014,0.0017969265951162641,18.733405704707685,18.733490975307117,7.9362614,1.0000087,1.0000088,18.731343084799395
0.40925891,227.75658956449058,227.71967899863597,0.99996143,0.0017969273549308948,18.767753072900355,18.767838343499786,7.9362761,1.0000093,1.0000094,18.765685770051878
0.41382246,230.2962498111228,230.2589773229112,0.99996271,0.0017969281147455257,18.801979950028613,18.802065220628045,7.9362908,1.0000099,1.0000099,18.79990800680979
0.4184086,232.8484816138838,232.81084626662403,0.999964,0.0017969288745601567,18.836069652714308,18.836153069605054,7.9363056,1.0000104,1.0000105,18.833993105766687
0.42301727,235.4132515821862,235.3752524527092,0.99996528,0.001796929652906852,18.870012912414023,18.870098183013454,7.9363203,1.000011,1.0000111,18.86793179943818
0.42764838,237.99050963014906,237.9521458114704,0.99996657,0.0017969304127214824,18.903818997671173,18.903902414561923,7.936335,1.0000116,1.0000116,18.90173336286112
0.43230187,240.58022236718503,240.5414886427553,0.99996785,0.001796931191068178,18.93750459186391,18.93758800875466,7.9363497,1.0000121,1.0000122,18.93541446894421
0.43697767,243.1823508376089,243.14325060447769,0.99996914,0.001796931969414873,18.9710845246617,18.971167941552448,7.9363645,1.0000127,1.0000128,18.968989957204887
0.44167569,245.7968449555397,245.7573773503467,0.99997043,0.0017969327292295038,19.004564357190592,19.004647774081338,7.9363793,1.0000133,1.0000134,19.002465399890678
0.44639585,248.4236602001943,248.3838243747175,0.99997173,0.001796933507576199,19.037932967198483,19.03801453038055,7.9363941,1.0000139,1.0000139,19.03582966004199
0.45113808,251.0627576158875,251.02255724749438,0.99997303,0.0017969342859228941,19.071171817598554,19.071253380780615,7.936409,1.0000144,1.0000145,19.069064202940588
0.45590228,253.71408155164042,253.673511359424,0.99997434,0.0017969350642695894,19.104262371303953,19.104343934486018,7.936424,1.000015,1.0000151,19.102150505822877
0.46068836,256.3775819215721,256.3366457113748,0.99997566,0.0017969358426162844,19.13719165235391,19.137273215535973,7.936439,1.0000156,1.0000157,19.135075598286246
0.46549624,259.0532142048993,259.0119112868144,0.99997699,0.0017969366209629792,19.169954099622366,19.17003380909575,7.9364542,1.0000162,1.0000162,19.167833915899976
0.47032581,261.7409171855454,261.69924688791394,0.99997832,0.001796937399309675,19.202553420526694,19.202633130000077,7.9364693,1.0000168,1.0000168,19.200429165487414
0.47517697,264.4406352125315,264.3985968810004,0.99997967,0.0017969381776563695,19.234995176192946,19.23507488566633,7.9364846,1.0000173,1.0000174,19.232866915322166
0.48004962,267.1523126348787,267.1099104328452,0.99998103,0.0017969389560030648,19.2672923425819,19.267370198346597,7.9365,1.0000179,1.000018,19.265160131610674
0.48494366,269.8758938016081,269.8331223576194,0.9999824,0.0017969397528818242,19.299459749363024,19.299539458836403,7.9365155,1.0000185,1.0000186,19.2973236343136
0.48985897,272.611311931545,272.56817554341814,0.99998377,0.0017969405312285194,19.331515933623145,19.331595643096527,7.936531,1.0000191,1.0000191,19.32937595815331
0.49479545,275.35851137371066,275.31500955649153,0.99998516,0.0017969413466393425,19.36347387132306,19.363551727087756,7.9365467,1.0000197,1.0000197,19.361330069329856
0.49975299,278.1174309120282,278.07355820178003,0.99998654,0.0017969421435181019,19.39533726988012,19.39541512564482,7.9365625,1.0000203,1.0000203,19.39318967474782
0.50473145,280.8879926351272,280.843753534303,0.99998795,0.0017969429774609895,19.42711354412907,19.427191399893772,7.9365785,1.0000209,1.0000209,19.424962184063084
0.50973072,283.67013532693096,283.62552431113437,0.99998935,0.0017969438114038773,19.458802694069906,19.458880549834607,7.9365945,1.0000215,1.0000216,19.456647605609128
0.51475068,286.4637922062648,286.4188139147388,0.99999078,0.001796944645346765,19.49040842711999,19.490484429176007,7.9366108,1.0000221,1.0000222,19.488249671057247
0.5197912,289.26889092685616,289.22354497156,0.99999222,0.0017969454792896528,19.521925182153282,19.522001184209294,7.9366271,1.0000227,1.0000228,19.519762824261424
0.52485215,292.0853591424325,292.03965040380496,0.99999368,0.00179694631323254,19.553349251752405,19.553425253808417,7.9366436,1.0000234,1.0000234,19.5511833544387
0.52993339,294.91311894162334,294.8670471739615,0.99999515,0.0017969471471754278,19.584671367373947,19.584747369429962,7.9366603,1.000024,1.000024,19.58250198589088
0.53503479,297.7520979781562,297.70566295617,0.99999664,0.0017969479996503795,19.61588596789186,19.615960116239194,7.936677,1.0000246,1.0000247,19.613713154213027
0.54015621,300.60221834066067,300.55542526182364,0.99999813,0.0017969488335932674,19.646989345888773,19.647063494236107,7.9366938,1.0000252,1.0000253,19.644813161095602
0.5452975,303.46339655266837,303.4162453377,0.99999963,0.001796949667536155,19.677987062490743,19.678061210838074,7.9367106,1.0000259,1.0000259,19.67580755062114
0.55045852,306.33555470280885,306.28803978946434,1.0000011,0.0017969505014790424,19.708880971406447,19.708955119753774,7.9367274,1.0000265,1.0000265,19.706698163520215
0.55563912,309.21860931461396,309.1707416767968,1.0000026,0.00179695133542193,19.73967663376193,19.739748928400584,7.9367442,1.0000271,1.0000271,19.737490589178677
0.56083914,312.1124713465172,312.06424546753203,1.0000041,0.0017969521508327535,19.77037404955721,19.770446344195857,7.9367609,1.0000277,1.0000278,19.768184827652732
0.56605843,315.01705732205056,314.96847321198277,1.0000056,0.0017969529847756413,19.800967657666217,19.80103995230487,7.9367776,1.0000283,1.0000284,19.798775297483015
0.57129684,317.93228376474553,317.88334145578085,1.0000071,0.0017969538001864648,19.831451896962914,19.831524191601563,7.9367941,1.0000289,1.000029,19.829256455048995
0.57655419,320.8580505028402,320.80874428619126,1.0000086,0.0017969545970652238,19.861817498903882,19.861889793542527,7.9368106,1.0000295,1.0000296,19.85961899097795
0.58183033,323.79427405986615,323.74460972696187,1.00001,0.0017969554124760473,19.892055194945698,19.89212563587566,7.9368268,1.0000301,1.0000302,19.88985361979213
0.58712508,326.74085426406157,326.6908260464664,1.0000115,0.0017969562093548067,19.922152009127586,19.922222450057554,7.936843,1.0000307,1.0000308,19.91994741653303
0.59243828,329.69770207386017,329.6473099906644,1.0000129,0.001796957006233566,19.95210423403218,19.952174674962144,7.936859,1.0000313,1.0000313,19.949896632219208
0.59776975,332.66471731749994,332.61396141138,1.0000143,0.001796957803112325,19.981915577076844,19.981984164298126,7.9368749,1.0000319,1.0000319,19.97970496454337
0.60311931,335.6417998232189,335.5906741291362,1.0000157,0.0017969585999910844,20.01159345309631,20.01166204031759,7.9368905,1.0000325,1.0000325,20.00937987742833
0.60848678,338.6288494192551,338.5773539193848,1.0000171,0.0017969593783377794,20.041143423216624,20.041210156729225,7.9369061,1.0000331,1.0000331,20.038926906658624
0.61387198,341.62576593384654,341.573900633094,1.0000184,0.0017969601381524105,20.07055621889438,20.07062295240698,7.9369214,1.0000336,1.0000337,20.068336775193043
0.61927473,344.6324491952313,344.5802141211312,1.0000198,0.0017969609164991056,20.099822571586156,20.09988745139007,7.9369366,1.0000342,1.0000342,20.09760024825205
0.62469482,347.6487823363536,347.5961775414956,1.0000211,0.0017969616577816724,20.12892950533117,20.128994385135083,7.9369517,1.0000348,1.0000348,20.12670431765106
0.63013208,350.67467075054947,350.6216900077768,1.0000224,0.0017969624175963035,20.157877020129416,20.15794189993333,7.9369666,1.0000353,1.0000354,20.155649015881064
0.6355863,353.7099975707632,353.656647225855,1.0000238,0.0017969631588788699,20.186652140020122,20.186715166115356,7.9369815,1.0000359,1.0000359,20.184421410145987
0.64105729,356.7546570601349,356.70093723496706,1.0000251,0.0017969639001614367,20.21523818162513,20.215301207720362,7.9369962,1.0000364,1.0000365,20.213004734876318
0.64654484,359.808532351609,359.75443672722076,1.0000264,0.0017969646414440035,20.243622168983656,20.243683341370208,7.9370109,1.000037,1.000037,20.241386006088877
0.65204876,362.8715177083256,362.81704634395,1.0000277,0.0017969653827265702,20.271794833552292,20.27185600593884,7.9370256,1.0000375,1.0000375,20.269556005979144
0.65756883,365.94349069813114,365.8886502534237,1.000029,0.001796966105477073,20.299752467913663,20.29981364030021,7.9370402,1.0000381,1.0000381,20.297511027078688
0.66310484,369.02433445397,368.9691185163568,1.0000303,0.0017969668467596397,20.32750248690251,20.327561805580373,7.9370548,1.0000386,1.0000386,20.325258466111325
0.66865658,372.11393210878646,372.058340809857,1.0000316,0.0017969675880422065,20.355050451644875,20.35510977032274,7.9370695,1.0000391,1.0000392,20.352803891999343
0.67422384,375.21216679552504,375.1562070326736,1.0000329,0.0017969683107927092,20.38240006955813,20.38245753452731,7.9370842,1.0000397,1.0000397,20.380151019951978
0.67980639,378.3189105169342,378.26258258208264,1.0000342,0.001796969052075276,20.409536510972803,20.4095921222333,7.937099,1.0000402,1.0000403,20.40728501284707
0.68540402,381.43404640595827,381.37735746886165,1.0000355,0.0017969697748257787,20.436435677676016,20.436491288936516,7.9371138,1.0000408,1.0000408,20.434181832374414
0.69101651,384.55745203044376,384.5003956334022,1.0000369,0.001796970479044217,20.463066056620153,20.463121667880653,7.9371285,1.0000413,1.0000413,20.46080996774242
0.69664361,387.6889882629435,387.6315717396057,1.0000382,0.0017969712017947197,20.489399842174965,20.489453599726783,7.9371432,1.0000418,1.0000419,20.48714151676264
0.70228512,390.8285438014997,390.7707676545024,1.0000395,0.0017969719060131582,20.515416643544935,20.515466693679382,7.9371577,1.0000424,1.0000424,20.513156098283638
0.70794079,393.97597951866516,393.91783719825133,1.0000408,0.0017969726102315966,20.541096069934543,20.541147973777676,7.9371721,1.0000429,1.0000429,20.538833371320155
0.71361038,397.13116185209054,397.072653800564,1.0000421,0.0017969732959179708,20.566436267635112,20.566486317769563,7.9371864,1.0000434,1.0000434,20.56417143350771
0.71929367,400.2939683696224,400.23509505313984,1.0000433,0.0017969740001364093,20.591431675520585,20.59147987194635,7.9372006,1.0000439,1.0000439,20.589164715647954
0.72499042,403.46426550891135,403.40502741899365,1.0000446,0.0017969746858227836,20.616076732464922,20.616123075182006,7.9372146,1.0000444,1.0000444,20.61380771231019
0.73070037,406.6419085774123,406.5823062324414,1.0000458,0.0017969753529770932,20.640365877342063,20.640412220059144,7.9372285,1.0000449,1.0000449,20.638094869929965
0.73642329,409.82676957787385,409.7667961562715,1.0000471,0.0017969760201314037,20.66429725644333,20.664341745451733,7.9372421,1.0000454,1.0000454,20.662024326081415
0.74215893,413.0187093828489,412.95837275991573,1.0000483,0.0017969766687536497,20.687870869768723,20.68791350506844,7.9372555,1.0000459,1.0000459,20.685596049691384
0.74790704,416.21758886489005,416.1568821554848,1.0000495,0.0017969772988438314,20.711088571026927,20.711131206326645,7.9372687,1.0000464,1.0000464,20.70881185592231
0.75366736,419.4232633314524,419.3621870406,1.0000506,0.0017969779289340132,20.73395777505267,20.7339985566437,7.9372816,1.0000468,1.0000468,20.731679188608545
0.75943965,422.6355992201865,422.57415387709204,1.0000518,0.0017969785404921307,20.756476628137268,20.756517409728303,7.9372942,1.0000473,1.0000473,20.754196238538437
0.76522365,425.8544518385474,425.79263034585,1.0000529,0.0017969791335181841,20.77864698398941,20.778684058163076,7.9373064,1.0000477,1.0000477,20.776364792590304
0.77101909,429.079670928892,429.0174737519008,1.0000539,0.0017969797080121732,20.80045957406568,20.80049850194803,7.9373184,1.0000481,1.0000482,20.79817558268302
0.77682573,432.3111229288711,432.2485505563452,1.000055,0.0017969802639740988,20.821908837240024,20.821944057705007,7.93733,1.0000486,1.0000486,20.81962311247691
0.78264329,435.54865201574376,435.4856971365615,1.000056,0.0017969808199360233,20.84297438271693,20.84300960318191,7.9373412,1.000049,1.000049,20.840686956469465
0.7884715,438.792107931867,438.72877097039,1.000057,0.0017969813388338204,20.86364138082692,20.863674747583218,7.9373521,1.0000494,1.0000494,20.861352257956877
0.79431012,442.0413571148916,441.9776385182484,1.0000579,0.0017969818577316169,20.883891294483174,20.883924661239476,7.9373626,1.0000497,1.0000498,20.88160047442101
0.80015885,445.2962326118808,445.2321248530795,1.0000588,0.0017969823580973494,20.903711147724906,20.903742660772526,7.9373728,1.0000501,1.0000501,20.901418672330312
0.80601744,448.5565952953875,448.49209875518875,1.0000597,0.001796982821398954,20.923097233134747,20.923126892473682,7.9373826,1.0000505,1.0000505,20.920803184190408
0.81188561,451.82228934267084,451.7573963083146,1.0000606,0.001796983284700558,20.942045843295332,20.942073648925582,7.9373921,1.0000508,1.0000508,20.93975024827423
0.81776308,455.0931589309899,455.0278615386152,1.0000614,0.0017969837480021622,20.960558831915346,20.96058478383691,7.9374012,1.0000511,1.0000512,20.958261685940748
0.82364958,458.3690538027017,458.3033605088874,1.0000622,0.0017969841742396383,20.978632491577418,20.978658443498986,7.9374099,1.0000515,1.0000515,20.976333803951874
0.82954483,461.64981813506546,461.5837210068313,1.0000629,0.001796984600477114,20.99626682228155,20.996292774203116,7.9374184,1.0000518,1.0000518,20.993966596417362
0.83544855,464.9352961053402,464.86878705723893,1.0000636,0.001796985008182526,21.01345811661038,21.013482214823263,7.9374265,1.0000521,1.0000521,21.011156387477456
0.84136046,468.22533189078524,468.1584195115196,1.0000643,0.0017969853973558733,21.0301952523118,21.030217496816,7.9374344,1.0000524,1.0000524,21.027892091612795
0.84728028,471.51976966865954,471.45244580289244,1.000065,0.0017969857679971566,21.04645969229898,21.046480083094497,7.9374419,1.0000526,1.0000527,21.044155165837047
0.85320771,474.8184424860265,474.75069882630686,1.0000657,0.0017969861386384401,21.062232899485096,21.062253290280612,7.9374492,1.0000529,1.0000529,21.059927039153944
0.85914247,478.12119452014537,478.05303978763624,1.0000663,0.0017969864907476597,21.07749077565725,21.077509312744084,7.9374562,1.0000532,1.0000532,21.07518359369106
0.86508429,481.42787551337307,481.35930132853076,1.0000669,0.0017969868243248146,21.092207368893888,21.092224052272034,7.9374629,1.0000534,1.0000534,21.089898913421077
0.87103285,484.7383073825772,484.66931392455297,1.0000675,0.001796987139369905,21.106356727273436,21.10637341065158,7.9374694,1.0000537,1.0000537,21.104047043048237
0.87698789,488.0523454352127,487.9829329049496,1.000068,0.0017969874544149962,21.119920313709066,21.119935143378527,7.9374755,1.0000539,1.0000539,21.117609417083813
0.88294909,491.3698115881471,491.29997138357214,1.0000685,0.001796987750928023,21.13287773740526,21.132892567074723,7.9374815,1.0000541,1.0000541,21.13056567775705
0.88891618,494.69055558373753,494.6202878353732,1.000069,0.0017969880289089855,21.145225290944648,21.14523826690543,7.9374871,1.0000543,1.0000543,21.142912141160743
0.89488885,498.01440490394936,497.94371871657995,1.0000695,0.0017969883068899481,21.156957413201187,21.15697038916197,7.9374926,1.0000545,1.0000545,21.15464324051819
0.90086681,501.341198160944,501.2700758164204,1.00007,0.0017969885663388467,21.16807595788356,21.16808893384434,7.9374978,1.0000547,1.0000547,21.16576081151708
0.90684976,504.6707684017845,504.59921905308636,1.0000704,0.0017969888072556805,21.178584632409127,21.178595754661224,7.9375028,1.0000549,1.0000549,21.17626854156965
0.91283741,508.00295423863247,507.9309689850913,1.0000708,0.0017969890481725145,21.18847602194316,21.188487144195257,7.9375074,1.0000551,1.0000551,21.18615903376731
0.91882946,511.3375887185511,511.26516769237617,1.0000712,0.0017969892705572846,21.197753833903025,21.197763102446437,7.9375119,1.0000552,1.0000553,21.195436017451183
0.9248256,514.6744993235059,514.601642681856,1.0000716,0.0017969894744099906,21.2064199219974,21.206429190540817,7.937516,1.0000554,1.0000554,21.20410132779971
0.93082555,518.0135302307559,517.940228845072,1.0000719,0.0017969896782626961,21.21448170106103,21.214489115895763,7.9375198,1.0000555,1.0000556,21.212162379397707
0.93682898,521.354497792071,521.2807611166984,1.0000723,0.0017969898450512739,21.22193731738522,21.221944732219953,7.9375234,1.0000557,1.0000557,21.219617336670012
0.94283562,524.697251749808,524.6230705841382,1.0000726,0.0017969900118398514,21.22877564871787,21.228781209843927,7.9375267,1.0000558,1.0000558,21.226455046639654
0.94884515,528.0416140208347,527.966988497971,1.0000728,0.001796990160096365,21.234978157972158,21.23498557280689,7.9375297,1.0000559,1.0000559,21.232656976649867
0.95485726,531.3874120871164,531.3123423647942,1.0000731,0.001796990289820814,21.24053372289598,21.24053928402203,7.9375323,1.000056,1.000056,21.23821203273134
0.96087167,534.7344901259123,534.6589667753873,1.0000733,0.0017969904010131993,21.245429367528548,21.245434928654596,7.9375347,1.0000561,1.0000561,21.243107228086117
0.96688805,538.0826644889922,538.0066875960405,1.0000735,0.0017969904936735199,21.249653969617764,21.24965767703513,7.9375368,1.0000562,1.0000562,21.24733143141608
0.97290612,541.4317793536151,541.3553490261277,1.0000736,0.0017969905863338407,21.25319084578548,21.253194553202846,7.9375386,1.0000562,1.0000562,21.250867969952687
0.97892556,544.7816566366487,544.70477300775,1.0000738,0.0017969906604620974,21.256023312653546,21.256027020070913,7.93754,1.0000563,1.0000563,21.253700171458625
0.98494606,548.1321238200584,548.0547771978355,1.0000739,0.0017969906975262258,21.258147662804596,21.258151370221963,7.9375411,1.0000563,1.0000563,21.255824318599323
0.99096733,551.4830195160055,551.4052000507357,1.0000739,0.001796990734590354,21.259563896238628,21.259565749947313,7.9375418,1.0000563,1.0000563,21.25724041276637
0.99698906,554.8341712064553,554.7558888319062,1.000074,0.0017969907531224182,21.260270159246964,21.260273866664328,7.9375422,1.0000563,1.0000564,21.257946608408503
